[
  {
    "id": "7da9f8cb7839",
    "name": "The big sale",
    "author": "Nico",
    "description": "Lol",
    "dates": [
      "2025-04-22",
      "2025-03-04",
      "2025-02-28"
    ],
    "created_at": "2025-02-12T16:05:46.742Z",
    "num_modification": 0,
    "last_modification": "2025-02-12T16:05:46.742Z",
    "attendees": [
      {
        "name": "Kirk",
        "dates": [
          {
            "date": "2025-04-22",
            "available": true
          },
          {
            "date": "2025-03-04",
            "available": true
          }
        ]
      },
      {
        "name": "Nico",
        "dates": [
          {
            "date": "2025-03-04",
            "available": true
          }
        ]
      }
    ]
  },
  {
    "id": "9ce47ca0199b",
    "name": "Partner day BXL",
    "author": "Charlène",
    "description": "rencontre avec les partenaires",
    "dates": [
      "2025-02-27",
      "2025-02-28",
      "2025-03-02"
    ],
    "created_at": "2025-02-12T16:03:23.644Z",
    "num_modification": 1,
    "last_modification": "2025-02-12T16:05:25.707Z",
    "attendees": [
      {
        "name": "Nico",
        "dates": [
          {
            "date": "2025-02-27",
            "available": true
          }
        ]
      },
      {
        "name": "Manu",
        "dates": [
          {
            "date": "2025-02-27",
            "available": true
          },
          {
            "date": "2025-03-02",
            "available": true
          },
          {
            "date": "2025-02-28",
            "available": true
          }
        ]
      }
    ]
  }
]